admin	9999999999.9999.999	2010-05-13 09:58:09
syoung	1228791394.7868.158	2010-06-21 16:43:00
syoung	1261713263.1880.277	2009-12-25 03:54:23
syoung	1261713339.5900.337	2009-12-25 03:55:39
syoung	1261713366.5340.847	2009-12-25 03:56:06
syoung	1261713372.5288.520	2009-12-25 03:56:12
syoung	1261713438.3568.558	2009-12-25 03:57:18
syoung	1261713825.4964.722	2009-12-25 04:03:45
syoung	1261713872.4672.519	2009-12-25 04:04:32
syoung	1261713912.3760.20	2009-12-25 04:05:12
syoung	1261713936.2492.594	2009-12-25 04:05:36
syoung	1261713991.3604.857	2009-12-25 04:06:31
syoung	1261714085.4308.436	2009-12-25 04:08:05
syoung	1261714163.4296.540	2009-12-25 04:09:23
syoung	1261714178.4696.251	2009-12-25 04:09:38
syoung	1261714207.3400.376	2009-12-25 04:10:07
syoung	1261714223.3484.311	2009-12-25 04:10:23
syoung	1261714247.5680.748	2009-12-25 04:10:47
syoung	1261715132.2448.341	2009-12-25 04:25:32
syoung	1261715148.5392.902	2009-12-25 04:25:48
syoung	1261715282.6088.360	2009-12-25 04:28:02
syoung	1261715286.5252.941	2009-12-25 04:28:06
syoung	1261715872.1896.695	2009-12-25 04:37:52
syoung	1261720292.4456.357	2009-12-25 05:51:32
syoung	1261720380.3936.72	2009-12-25 05:53:00
syoung	1261720391.5428.837	2009-12-25 05:53:11
syoung	1261720400.3592.882	2009-12-25 05:53:20
syoung	1261720408.4176.408	2009-12-25 05:53:28
syoung	1261720489.1412.190	2009-12-25 05:54:49
syoung	1261720501.4428.663	2009-12-25 05:55:01
syoung	1261727628.4184.672	2009-12-25 07:53:48
syoung	1261727762.2352.817	2009-12-25 07:56:02
syoung	1261772077.4988.593	2009-12-25 20:14:37
syoung	1261772124.3972.795	2009-12-25 20:15:24
syoung	1261772213.3712.260	2009-12-25 20:16:53
syoung	1261772275.4956.394	2009-12-25 20:17:55
syoung	9999999999.9999.999	2010-04-30 10:36:58
admin	1266255414.12259.733	2010-02-15 12:36:54
admin	1266256461.13299.285	2010-02-15 12:54:21
admin	1266256475.13311.239	2010-02-15 12:54:35
admin	1266256507.13328.636	2010-02-15 12:55:07
admin	1266271026.14607.161	2010-02-15 16:57:06
admin	1266286632.16008.852	2010-02-15 21:17:12
admin	1266292139.16746.362	2010-02-15 22:48:59
whulme	9999999999.9999.999	2010-03-16 12:18:41
jclarke	9999999999.9999.999	2010-02-16 03:09:29
zhu	9999999999.9999.999	2010-02-16 03:15:00
ntsinoremas	9999999999.9999.999	2010-02-16 03:41:31
syoung	1266310689.20187.37	2010-02-16 03:58:09
syoung	1266311458.23845.696	2010-02-16 04:10:58
admin	1266422698.14504.332	2010-02-17 11:04:58
admin	1266432025.17683.485	2010-02-17 13:40:25
admin	1266476171.25580.394	2010-02-18 01:56:11
admin	1266865922.15546.890	2010-02-22 14:12:02
jlhaner	1266866045.15787.73	2010-02-22 14:14:05
fkuo	1266866083.15816.408	2010-02-22 14:14:43
admin	1266866092.15825.80	2010-02-22 14:19:16
admin	1266866652.15930.790	2010-02-22 14:24:12
admin	1266866663.15956.284	2010-02-22 14:24:23
admin	1266902004.28589.627	2010-02-23 00:13:54
admin	1266905668.29912.965	2010-02-23 01:14:57
admin	1266935249.6789.794	2010-02-23 09:28:04
admin	1266935283.7012.640	2010-02-23 10:20:16
admin	1266938086.8057.810	2010-02-23 10:14:46
admin	1266938637.8359.111	2010-02-23 10:24:18
admin	1266938657.8504.349	2010-02-23 10:29:37
admin	1266940162.9818.910	2010-02-23 10:51:18
admin	1266945121.14530.930	2010-02-23 12:12:21
admin	1266945140.14693.6	2010-02-23 12:14:36
admin	1266945301.14989.445	2010-02-23 12:24:25
admin	1266945945.16293.422	2010-02-23 12:27:30
admin	1266946078.16666.197	2010-02-23 12:29:44
admin	1266946199.17024.515	2010-02-23 12:30:52
admin	1266946274.17307.828	2010-02-23 12:33:52
admin	1266946570.17873.222	2010-02-23 12:38:32
admin	1266946821.18377.405	2010-02-23 13:05:13
admin	1266948363.20209.400	2010-02-23 13:19:40
admin	1266949396.22633.939	2010-02-23 13:26:37
admin	1266949816.23297.14	2010-02-23 13:31:38
admin	1266949989.23637.89	2010-02-23 13:37:07
admin	1266950338.24230.131	2010-02-23 13:39:32
admin	1266950556.24646.759	2010-02-23 13:43:07
admin	1266950865.25137.456	2010-02-23 14:37:13
admin	1266951289.26061.833	2010-02-23 13:57:17
ogutierrez	1266951579.26712.874	2010-02-23 13:59:39
admin	1266951870.27202.921	2010-02-23 14:05:47
admin	1266952221.27931.190	2010-02-23 14:10:47
admin	1266952578.28625.65	2010-02-23 14:49:11
admin	1266955562.31999.970	2010-02-23 15:22:25
admin	1266956727.1481.634	2010-02-23 15:34:09
admin	1266957502.2881.170	2010-02-23 16:06:26
admin	1266959732.9168.443	2010-02-23 16:16:22
admin	1266959854.9589.282	2010-02-23 16:17:59
admin	1266960101.10388.841	2010-02-23 16:22:05
admin	1266960267.10894.656	2010-02-23 16:24:57
jlhaner	0000000000.0000.000	2010-05-16 11:53:54
admin	1266988988.3025.593	2010-02-24 00:31:13
admin	1266992973.4669.778	2010-02-24 01:29:20
dmotti	1267019897.7359.3	2010-02-24 08:58:17
admin	1267022674.7567.794	2010-02-24 09:44:34
admin	1267022935.7725.461	2010-02-24 09:48:55
admin	1267023000.7750.584	2010-02-24 09:50:14
admin	1267023200.8039.887	2010-02-24 09:58:32
admin	1267024107.8861.262	2010-02-24 10:08:27
syoung	1267024698.9026.350	2010-02-24 10:52:12
admin	1267024933.9846.625	2010-02-24 11:10:50
syoung	1267028199.10951.986	2010-02-24 11:44:11
admin	1267030787.11788.655	2010-02-24 12:38:32
syoung	1267031058.12102.741	2010-02-24 12:04:45
dmotti	0000000000.0000.000	2010-05-16 11:45:40
dmotti	1267216014.23920.160	2010-02-26 15:26:54
dmotti	1267216075.23949.265	2010-02-26 15:27:55
dmotti	1267468505.13009.624	2010-03-01 13:46:48
dmotti	1267469456.13595.228	2010-03-01 13:50:56
dmotti	1267469509.13686.805	2010-03-01 13:51:49
dmotti	1267469716.13796.789	2010-03-01 13:55:16
syoung	1267726098.19065.324	2010-03-04 13:08:49
dmotti	1267729889.19821.238	2010-03-04 14:32:47
syoung	1267731323.20724.612	2010-03-04 15:14:37
jlhaner	1267792119.27545.303	2010-03-05 07:28:39
jlhaner	1267792532.27597.952	2010-03-05 07:35:32
jlhaner	1267793470.27709.100	2010-03-05 07:51:10
jlhaner	1267794061.27765.327	2010-03-05 08:01:01
jgilbert	9999999999.9999.999	2010-05-15 03:10:23
whulme	1268073335.980.508	2010-03-08 13:35:37
whulme	1268073516.1005.140	2010-03-08 13:38:37
whulme	1268073584.1039.983	2010-03-08 13:42:48
whulme	1268074077.1461.709	2010-03-08 13:56:09
whulme	0000000000.0000.000	2010-03-10 13:58:24
jhahn	9999999999.9999.999	2010-03-22 11:26:38
dstrikis	1268843594.21301.703	2010-03-17 12:33:14
dstrikis	1269009797.3004.483	2010-03-19 10:43:17
jhahn	1269272378.7685.61	2010-03-22 11:41:47
jhahn	1269272824.7871.96	2010-03-22 12:08:16
whulme	1269274465.9388.100	2010-03-22 12:19:29
vandreev	9999999999.9999.999	2010-03-22 14:26:58
jgilbert	1270042606.31002.759	2010-03-31 09:42:08
Jlhaner	1270472395.18065.230	2010-04-05 08:59:55
jlhaner	1270491605.19392.435	2010-04-05 14:20:05
dmotti	1270491956.19436.34	2010-04-05 14:32:18
jlhaner	1270492123.19673.478	2010-04-05 14:29:11
jlhaner	1270503639.20807.782	2010-04-05 17:48:37
jlhaner	1270504193.21873.488	2010-04-05 17:59:20
jgilbert	1272459341.19997.260	2010-04-28 08:56:03
syoung	1272637956.4178.187	2010-04-30 10:34:24
jgilbert	1273259370.8543.571	2010-05-07 15:10:21
jgilbert	1273761242.505.666	2010-05-13 10:38:39
